name,eid,type,status,total-urls,urls/s,bytes-rd,bytes-wr,total-buffers,total-rebuffers,total-wait-time,video-format-bitrate,audio-format-bitrate,frame-rate,video-quality,tx rate,tx-rate-1m,rx rate,rx rate (1m),fb-min,fb-avg,fb-max,uc-min,uc-avg,uc-max,dns-min,dns-avg,dns-max,total-err,bad-proto,bad-url,rslv-p,rslv-h,!conn,timeout,nf (4xx),http-r,http-p,http-t,acc. denied,ftp-host,ftp-stor,ftp-port,write,read,redir,login-denied,other-err,elapsed,rpt timer,time-stamp
http_sta0000_http1_l4,1.1.4.2997.11,L4/Gen,Run,9,0.1578199800094692,18.0,0,0,0,0,0,0,0,0X0,0,0,2525119,2525540,9,26.888,46,535,874.0,1517,0,0.0,0,0,0,0,0,0,0,0,0,0,0,0,0,0,0,0,0,0,0,0,0,57,5000,1773232028512
http_sta0001_http1_l4,1.1.5.2998.11,L4/Gen,Run,9,0.15613344204847077,18.0,0,0,0,0,0,0,0,0X0,0,0,2498135,2513298,9,164.222,1028,462,1067.555,1738,0,0.0,0,0,0,0,0,0,0,0,0,0,0,0,0,0,0,0,0,0,0,0,0,57,5000,1773232029183
http_sta0002_http1_l4,1.1.7.2999.11,L4/Gen,Run,9,0.15401991990964164,18.0,0,0,0,0,0,0,0,0X0,0,0,2464318,2483983,7,50.666,105,455,1014.333,1655,0,0.0,0,0,0,0,0,0,0,0,0,0,0,0,0,0,0,0,0,0,0,0,0,58,5000,1773232030026
wlan0_http5_l4,1.5.1.3000.11,L4/Gen,Run,9,0.1531106990354026,18.0,0,0,0,0,0,0,0,0X0,0,0,2449771,2452223,2,7.555,41,174,261.222,708,0,0.0,0,0,0,0,0,0,0,0,0,0,0,0,0,0,0,0,0,0,0,0,0,58,5000,1773232030431
wlan0_http10_l4,1.10.0.3001.11,L4/Gen,Run,10,0.16666666666666666,20.7052,0,0,0,0,0,0,0,0X0,0,0,2749965,2662884,10,107.838,539,209,308.0,539,10,30.363,77,0,0,0,0,0,0,0,0,0,0,0,0,0,0,0,0,0,0,0,0,60,5000,1773232032001
sta0_http15_l4,1.15.2.3002.11,L4/Gen,Run,9,0.15,18.0,0,0,0,0,0,0,0,0X0,0,0,2399280,2403991,5,27.555,95,229,520.888,1081,0,0.0,0,0,0,0,0,0,0,0,0,0,0,0,0,0,0,0,0,0,0,0,0,60,5000,1773232031862
en0_http20_l4,1.20.1.3003.11,L4/Gen,WAITING,0,0.0,0.0,0,0,0,0,0,0,0,0X0,0,0,0,0,0,0.0,0,0,0.0,0,0,0.0,0,0,0,0,0,0,0,0,0,0,0,0,0,0,0,0,0,0,0,0,0,35,5000,1773232032507
