name,eid,type,status,total-urls,urls/s,bytes-rd,bytes-wr,total-buffers,total-rebuffers,total-wait-time,video-format-bitrate,audio-format-bitrate,frame-rate,video-quality,tx rate,tx-rate-1m,rx rate,rx rate (1m),fb-min,fb-avg,fb-max,uc-min,uc-avg,uc-max,dns-min,dns-avg,dns-max,total-err,bad-proto,bad-url,rslv-p,rslv-h,!conn,timeout,nf (4xx),http-r,http-p,http-t,acc. denied,ftp-host,ftp-stor,ftp-port,write,read,redir,login-denied,other-err,elapsed,rpt timer,time-stamp
http_sta0000_http1_l4,1.1.4.450.11,L4/Gen,Run,3,0.050482104094098645,6.0478,0,0,0,0,0,0,0,0X0,0,0,814146,817320,19,224.75,682,8858,14418.666,23207,0,0.0,0,0,0,0,0,0,0,0,0,0,0,0,0,0,0,0,0,0,0,0,0,59,5000,1773654473230
http_sta0001_http1_l4,1.1.5.451.11,L4/Gen,Run,4,0.03333333333333333,9.0081,0,0,0,0,0,0,0,0X0,0,0,7007,669910,9,224.4,1039,1419,9077.0,29048,0,0.0,0,0,0,0,0,0,0,0,0,0,0,0,0,0,0,0,0,0,0,0,0,10284,5000,1773654473230
http_sta0002_http1_l4,1.1.9.452.11,L4/Gen,Run,3,0.016666666666666666,6.0,0,0,0,0,0,0,0,0X0,0,0,4668,267903,1048,16562.0,45431,3992,22581.333,58669,0,0.0,0,0,0,0,0,0,0,0,0,0,0,0,0,0,0,0,0,0,0,0,0,10280,5000,1773654473230
wlan0_http11_l4,1.11.0.487.11,L4/Gen,Run,10,0.1747549062439928,20.0,0,0,0,0,0,0,0,0X0,0,0,2796078,2817633,51,661.247,3917,679,1529.7,3917,51,131.2,290,0,0,0,0,0,0,0,0,0,0,0,0,0,0,0,0,0,0,0,0,57,5000,1773654470025
wlan0_http5_l4,1.5.1.488.11,L4/Gen,Run,9,0.15347100250669304,18.0,0,0,0,0,0,0,0,0X0,0,0,2455536,2462554,1,3.444,10,195,252.666,306,0,0.0,0,0,0,0,0,0,0,0,0,0,0,0,0,0,0,0,0,0,0,0,0,58,5000,1773654470865
sta0_http15_l4,1.15.2.489.11,L4/Gen,Run,8,0.13494366102152353,16.0,0,0,0,0,0,0,0,0X0,0,0,2159098,2175962,17,65.25,163,289,1462.5,4110,0,0.0,0,0,0,0,0,0,0,0,0,0,0,0,0,0,0,0,0,0,0,0,0,59,5000,1773654471569
en0_http20_l4,1.20.1.490.11,L4/Gen,Stopped,0,0.0,0.0,0,0,0,0,0,0,0,0X0,0,0,0,0,0,0.0,0,0,0.0,0,0,0.0,0,0,0,0,0,0,0,0,0,0,0,0,0,0,0,0,0,0,0,0,0,0,5000,1773654471900
