name,eid,type,status,total-urls,urls/s,bytes-rd,bytes-wr,total-buffers,total-rebuffers,total-wait-time,video-format-bitrate,audio-format-bitrate,frame-rate,video-quality,tx rate,tx-rate-1m,rx rate,rx rate (1m),fb-min,fb-avg,fb-max,uc-min,uc-avg,uc-max,dns-min,dns-avg,dns-max,total-err,bad-proto,bad-url,rslv-p,rslv-h,!conn,timeout,nf (4xx),http-r,http-p,http-t,acc. denied,ftp-host,ftp-stor,ftp-port,write,read,redir,login-denied,other-err,elapsed,rpt timer,time-stamp
http_sta0000_http1_l4,1.1.11.3499.11,L4/Gen,Run,8,0.13333333333333333,16.0,0,0,0,0,0,0,0,0X0,0,0,2123036,2112873,9,42.625,220,1123,1944.75,3629,0,0.0,0,0,0,0,0,0,0,0,0,0,0,0,0,0,0,0,0,0,0,0,0,60,5000,1773316090081
http_sta0001_http1_l4,1.1.12.3500.11,L4/Gen,Run,8,0.13333333333333333,16.0,0,0,0,0,0,0,0,0X0,0,0,2085743,2054833,32,100.125,231,1647,2513.625,3890,0,0.0,0,0,0,0,0,0,0,0,0,0,0,0,0,0,0,0,0,0,0,0,0,61,5000,1773316091213
http_sta0002_http1_l4,1.1.13.3501.11,L4/Gen,Run,8,0.13333333333333333,16.0,0,0,0,0,0,0,0,0X0,0,0,2107204,2078707,10,36.25,124,1628,2486.125,4751,0,0.0,0,0,0,0,0,0,0,0,0,0,0,0,0,0,0,0,0,0,0,0,0,60,5000,1773316090683
wlan0_http23_l4,1.23.0.3502.11,L4/Gen,Run,11,0.16666666666666666,22.0,0,0,0,0,0,0,0,0X0,0,0,2893975,2683528,8,307.505,1284,290,598.272,1284,8,48.09,89,0,0,0,0,0,0,0,0,0,0,0,0,0,0,0,0,0,0,0,0,60,5000,1773316090898
en0_http20_l4,1.20.1.3503.11,L4/Gen,Stopped,0,0.0,0.0,0,0,0,0,0,0,0,0X0,0,0,0,0,0,0.0,0,0,0.0,0,0,0.0,0,0,0,0,0,0,0,0,0,0,0,0,0,0,0,0,0,0,0,0,0,0,5000,1773316089780
