name,eid,type,status,total-urls,urls/s,bytes-rd,bytes-wr,total-buffers,total-rebuffers,total-wait-time,video-format-bitrate,audio-format-bitrate,frame-rate,video-quality,tx rate,tx-rate-1m,rx rate,rx rate (1m),fb-min,fb-avg,fb-max,uc-min,uc-avg,uc-max,dns-min,dns-avg,dns-max,total-err,bad-proto,bad-url,rslv-p,rslv-h,!conn,timeout,nf (4xx),http-r,http-p,http-t,acc. denied,ftp-host,ftp-stor,ftp-port,write,read,redir,login-denied,other-err,elapsed,rpt timer,time-stamp
sta2000_http_l4,1.1.7.253.11,L4/Gen,Run,4,0.06666666666666667,24.5916,0,0,0,0,0,0,0,0X0,0,0,3239094,3103338,15,130.8,254,4276,6618.75,8458,0,0.0,0,0,0,0,0,0,0,0,0,0,0,0,0,0,0,0,0,0,0,0,0,60,5000,1773729776445
sta2001_http_l4,1.1.8.254.11,L4/Gen,Run,5,0.08333333333333333,26.0706,0,0,0,0,0,0,0,0X0,0,0,3448950,3429224,11,90.666,254,1963,6566.8,8403,0,0.0,0,0,0,0,0,0,0,0,0,0,0,0,0,0,0,0,0,0,0,0,0,60,5000,1773729776240
sta2002_http_l4,1.1.9.255.11,L4/Gen,Run,4,0.07111869710546903,22.2529,0,0,0,0,0,0,0,0X0,0,0,3165192,3187879,64,127.0,166,5887,8097.0,9130,0,0.0,0,0,0,0,0,0,0,0,0,0,0,0,0,0,0,0,0,0,0,0,0,56,5000,1773729774346
sta2003_http_l4,1.1.10.256.11,L4/Gen,Run,4,0.07030618342883256,20.2721,0,0,0,0,0,0,0,0X0,0,0,2850508,2859276,187,510.6,1544,6275,8882.75,10240,0,0.0,0,0,0,0,0,0,0,0,0,0,0,0,0,0,0,0,0,0,0,0,0,56,5000,1773729775838
sta2004_http_l4,1.1.16.257.11,L4/Gen,Run,5,0.08763473841030585,25.0,0,0,0,0,0,0,0,0X0,0,0,3505389,3509191,27,477.4,1182,3570,6982.4,9674,0,0.0,0,0,0,0,0,0,0,0,0,0,0,0,0,0,0,0,0,0,0,0,0,57,5000,1773729776240
