name,eid,type,status,total-urls,urls/s,bytes-rd,bytes-wr,total-buffers,total-rebuffers,total-wait-time,video-format-bitrate,audio-format-bitrate,frame-rate,video-quality,tx rate,tx-rate-1m,rx rate,rx rate (1m),fb-min,fb-avg,fb-max,uc-min,uc-avg,uc-max,dns-min,dns-avg,dns-max,total-err,bad-proto,bad-url,rslv-p,rslv-h,!conn,timeout,nf (4xx),http-r,http-p,http-t,acc. denied,ftp-host,ftp-stor,ftp-port,write,read,redir,login-denied,other-err,elapsed,rpt timer,time-stamp
http_sta0000_http1_l4,1.1.6.326.11,L4/Gen,Run,9,0.13333333333333333,18.0,0,0,0,0,0,0,0,0X0,0,0,2335917,2144233,8,11.888,19,573,1045.111,2630,0,0.0,0,0,0,0,0,0,0,0,0,0,0,0,0,0,0,0,0,0,0,0,0,61,5000,1774244562236
http_sta0001_http1_l4,1.1.7.327.11,L4/Gen,Run,9,0.15,18.0,0,0,0,0,0,0,0,0X0,0,0,2289712,2257730,10,301.666,1075,897,1917.0,3584,0,0.0,0,0,0,0,0,0,0,0,0,0,0,0,0,0,0,0,0,0,0,0,0,62,5000,1774244563537
http_sta0002_http1_l4,1.1.8.328.11,L4/Gen,Run,9,0.15,18.0,0,0,0,0,0,0,0,0X0,0,0,2290294,2211378,6,206.666,1583,564,1444.777,4174,0,0.0,0,0,0,0,0,0,0,0,0,0,0,0,0,0,0,0,0,0,0,0,0,62,5000,1774244563637
wlan0_http11_l4,1.11.0.329.11,L4/Gen,Run,10,0.16745930738830464,20.0,0,0,0,0,0,0,0,0X0,0,0,2679348,2683821,10,1044.574,1709,621,967.3,1709,9,38.5,158,0,0,0,0,0,0,0,0,0,0,0,0,0,0,0,0,0,0,0,0,59,5000,1774244563738
wlan0_http23_l4,1.23.0.330.11,L4/Gen,Run,10,0.16666666666666666,20.0014,0,0,0,0,0,0,0,0X0,0,0,2653811,2660393,21,1008.765,2079,657,1046.599,2079,20,123.727,392,0,0,0,0,0,0,0,0,0,0,0,0,0,0,0,0,0,0,0,0,60,5000,1774244561193
sta0_http15_l4,1.15.2.331.11,L4/Gen,Run,9,0.15191668213966206,18.0,0,0,0,0,0,0,0,0X0,0,0,2430666,2443126,4,56.111,135,224,563.666,1448,0,0.0,0,0,0,0,0,0,0,0,0,0,0,0,0,0,0,0,0,0,0,0,0,59,5000,1774244560194
en0_http20_l4,1.20.1.332.11,L4/Gen,Stopped,0,0.0,0.0,0,0,0,0,0,0,0,0X0,0,0,0,0,0,0.0,0,0,0.0,0,0,0.0,0,0,0,0,0,0,0,0,0,0,0,0,0,0,0,0,0,0,0,0,0,0,5000,1774244560393
