name,eid,type,status,total-urls,urls/s,bytes-rd,bytes-wr,total-buffers,total-rebuffers,total-wait-time,video-format-bitrate,audio-format-bitrate,frame-rate,video-quality,tx rate,tx-rate-1m,rx rate,rx rate (1m),fb-min,fb-avg,fb-max,uc-min,uc-avg,uc-max,dns-min,dns-avg,dns-max,total-err,bad-proto,bad-url,rslv-p,rslv-h,!conn,timeout,nf (4xx),http-r,http-p,http-t,acc. denied,ftp-host,ftp-stor,ftp-port,write,read,redir,login-denied,other-err,elapsed,rpt timer,time-stamp
http_sta0000_http1_l4,1.1.11.3506.11,L4/Gen,Run,10,0.13333333333333333,20.0,0,0,0,0,0,0,0,0X0,0,0,2026804,2141721,7,229.6,1076,1311,2472.7,4838,0,0.0,0,0,0,0,0,0,0,0,0,0,0,0,0,0,0,0,0,0,0,0,0,78,5000,1773316465806
http_sta0001_http1_l4,1.1.12.3507.11,L4/Gen,Run,10,0.13333333333333333,21.9429,0,0,0,0,0,0,0,0X0,0,0,2226573,2399743,7,26.363,78,1097,2274.6,5224,0,0.0,0,0,0,0,0,0,0,0,0,0,0,0,0,0,0,0,0,0,0,0,0,78,5000,1773316465817
http_sta0002_http1_l4,1.1.13.3508.11,L4/Gen,Run,11,0.15,22.0,0,0,0,0,0,0,0,0X0,0,0,2235232,2409436,7,171.0,1067,997,2192.727,4770,0,0.0,0,0,0,0,0,0,0,0,0,0,0,0,0,0,0,0,0,0,0,0,0,78,5000,1773316465806
wlan0_http23_l4,1.23.0.3509.11,L4/Gen,Run,14,0.16666666666666666,28.0,0,0,0,0,0,0,0,0X0,0,0,2843686,2683573,11,546.287,1397,224,605.285,1397,9,47.571,250,0,0,0,0,0,0,0,0,0,0,0,0,0,0,0,0,0,0,0,0,78,5000,1773316465905
en0_http20_l4,1.20.1.3510.11,L4/Gen,Stopped,0,0.0,0.0,0,0,0,0,0,0,0,0X0,0,0,0,0,0,0.0,0,0,0.0,0,0,0.0,0,0,0,0,0,0,0,0,0,0,0,0,0,0,0,0,0,0,0,0,0,0,5000,1773316462141
